id,email,password,handle
6293643321,wtidcomb0@ustream.tv,U4BD5y1T,nisl
9273520987,pmuino1@google.de,qk0HnJK6J,gravida
1071832786,dburhill2@last.fm,WfpdO5GGUwaZ,fringilla
5079985127,kkemster3@yelp.com,FpelxukESlK8,proin
6459000956,ocorrado4@spiegel.de,7nzABk,vestibulum
7318105663,tdivver5@earthlink.net,31WfRB,elit
1140342223,rgibbon6@ezinearticles.com,TSur0u,quam
3061722041,adavid7@slideshare.net,XMLdvQ6GGQwI,suspendisse
4336572615,awincott8@odnoklassniki.ru,Q0PJ3hRhb,natoque
9913217695,rmuckleston9@wordpress.com,w4ykQ3Aja,ultrices
3107251496,ashielsa@state.gov,whMIGsrjEKPg,pulvinar
2604713659,jwickettb@who.int,q4OwLDF,posuere
2477726064,amattsc@ifeng.com,L6MPy3,nulla
1704055350,kgentled@yellowpages.com,fl4HOH61LMx,luctus
0197927300,lmcgarrelle@amazon.de,eDhPA5HWw,eget
6198351513,sdrewsf@studiopress.com,qU4zdtV,euismod
2384046705,lcottillg@telegraph.co.uk,jr4uwGelCo4,ut
8225212681,mhabberth@google.de,p3Ujbjm7CV,sed
2562566300,jgeavenyi@indiatimes.com,eVLK1e,aliquam
9262104286,ehuetsonj@unicef.org,3EUE0f1noP,odio
3887629620,smccroriek@rakuten.co.jp,5hNBkyw,donec
4846319083,bfrenchl@omniture.com,PNUE6dJw,in
5869285585,slesleym@cnet.com,j2OFuUV6,vel
3618565208,arignoldesn@pinterest.com,FhlLTAvb4,volutpat
7809147196,hstemsono@github.io,UP1LGjRxbxe6,tortor
5172933840,tyatesp@soup.io,MHsg5xF1vwD,velit
0306925206,wseefusq@huffingtonpost.com,Z6VpK9RPPT3,nulla
0037494538,aeliar@g.co,gYLfpcGnc6P,et
1987756312,wfollands@prlog.org,waTeaEMf,in
0015905594,ffincht@dailymotion.com,MeCsmh,pellentesque
2795956535,wbruinu@thetimes.co.uk,AaNDQAPtk,pede
5133520417,lgoathropv@umich.edu,Z240S7lwSUqJ,quis
0672891190,minghamw@ovh.net,yZ2r5E,tortor
6165257496,lradclyffex@businesswire.com,oQwW0jf,hac
6005094475,jiacovuzziy@discuz.net,8NKKvotgZ,non
1993024913,kklimshukz@ca.gov,ivj153G3p,nunc
3909373712,bmileham10@pinterest.com,p8FWNmZV,congue
7999823856,tbeaglehole11@desdev.cn,k5qIoeu,faucibus
5107674852,kjestico12@independent.co.uk,jpovsDQ,donec
2057603970,amaven13@bloglovin.com,h9qjM2wT,fermentum
0645205532,groadnight14@china.com.cn,wNBUhU0rp,molestie
7060504109,chickeringill15@weibo.com,CUmNcE,ridiculus
6142519702,bcroyden16@trellian.com,Z4FSeJaPjrC,varius
0531354229,tcolliard17@zdnet.com,qGZ8681twtU,in
6601898120,lperrigo18@github.com,LVroqvByh,mollis
7691342039,sruoss19@usgs.gov,yXwfRCn,enim
7863157358,zpetley1a@i2i.jp,zOdYbzYU,cursus
4520024315,dissacson1b@wunderground.com,iDGhf4T,erat
3121457241,ispat1c@over-blog.com,MIpBZTDK,platea
9832610133,cheaselgrave1d@cloudflare.com,MW8oGTuV,dui
1805307436,agookey1e@vimeo.com,ivCFtW,morbi
8196496451,odutt1f@dot.gov,fpg25euuMfpS,natoque
0980897009,dickovits1g@newsvine.com,0PuvIGYlhcv,lorem
4319113063,pdenkel1h@cnet.com,uEdW6Zx,in
5111822062,sneesam1i@multiply.com,bRKbbj,duis
0693045930,bduffet1j@wp.com,o81k520,at
6806351166,dbeades1k@yandex.ru,lCUHhkn,pellentesque
3354910895,eboram1l@weather.com,38FoxIJMYCu2,posuere
4822328805,ndanielli1m@example.com,2iZM2FHyDL,adipiscing
2595482637,tbittlestone1n@usa.gov,DkUaNH,sollicitudin
4440926592,jtungate1o@techcrunch.com,6juevLSiyKLW,integer
6298384154,bdarbey1p@nih.gov,t6yKcizesp,lacus
6015378859,lridgway1q@so-net.ne.jp,7Saxpa5M4T,et
8804282223,scasillis1r@php.net,XZ1r6TQX2,vestibulum
9245933318,plandells1s@cocolog-nifty.com,9amiwsobAYq,in
3277452328,aduffell1t@usnews.com,5Wk7XPMScnuL,in
9417359223,katcherley1u@forbes.com,tw51fHvd,sit
8998399563,eshopcott1v@lycos.com,TnDewlnEt0,tincidunt
9676023027,tbartul1w@e-recht24.de,rfQPnotMdMW,lorem
2752832877,btyres1x@wufoo.com,Qd58qsaaFf,nibh
5775332911,ujayume1y@intel.com,qovGwYteXe6,convallis
1855426722,ncoysh1z@dropbox.com,SMqYSJN,phasellus
6528730563,edouce20@desdev.cn,2PQJZVqTqp,dui
9028135049,yarntzen21@hao123.com,6IcmDUFqPG,curae
9131116299,rcutmare22@google.com,sS0FLv3l,quis
2627260766,mdobrowolny23@europa.eu,lXvwGmZvr,rhoncus
9436308736,ssancho24@spotify.com,9WSrKVH,ipsum
1176709100,cdunlop25@gov.uk,XTC3Rl,est
5133685475,tconibere26@amazon.co.jp,gaxT5Os2vXkI,blandit
5552905512,dclawson27@baidu.com,kx9hiNF,quisque
9645206618,skryzhov28@t.co,p18Ejoq6dVc,in
7072409041,ijoscelin29@creativecommons.org,4O7hj8j,tempor
6550393809,vgreally2a@aol.com,qRVnUl3,feugiat
1283028980,fabel2b@nytimes.com,cPruwk,lacinia
9062925413,sshord2c@squidoo.com,rlGDJoADv9b,dapibus
4340576433,mfeldmann2d@google.pl,DX09nbPX,sem
2145997547,pdedomenici2e@issuu.com,cClaqPX4,accumsan
4853114890,pheino2f@google.co.jp,A2BwuOh,ut
1245877232,npunton2g@blogtalkradio.com,mWbIdYulME,cum
0437915077,edurnian2h@reddit.com,gBtaWkd4,et
0130556637,mcoady2i@xing.com,u8qAUeQVutuQ,donec
4626420427,drubinfajn2j@hugedomains.com,YOrsM9G5,id
0941242277,nboyland2k@princeton.edu,n2mwpu,vel
7202455420,medwins2l@goodreads.com,q9XFTt6m,duis
5214182511,eudden2m@wikipedia.org,ycsM5O,ac
8811950988,eaguirre2n@devhub.com,5HmfbOGpCB,vitae
3247786074,egurnell2o@princeton.edu,lKB008Z7I,mauris
6021456963,kmiskelly2p@chicagotribune.com,ZUW7wjic,lectus
1272606805,dwoodyeare2q@addtoany.com,LQeeJCLpnp6M,mattis
8864575421,zscullion2r@theguardian.com,7cNuf9R7ifF,nulla
6854595312,agathwaite2s@google.es,D9IGYRz,augue
7592668505,dgourlie2t@npr.org,fRNrYu2lITb6,orci
1845608445,mchampneys2u@naver.com,c6o769RS,elementum
6790205489,zmcknish2v@woothemes.com,BHJii1c,pede
0279517394,ekenwyn2w@wikispaces.com,nGmcEr,massa
0231494637,aroblin2x@cloudflare.com,O176qwUosf,velit
4113637776,agabb2y@uol.com.br,8jnzTEwyR,pretium
7926083399,jdoucette2z@gravatar.com,TULjPAk5mYx,libero
5512890115,ucorradini30@examiner.com,m4c9xi8ne,donec
1318506816,tbertolaccini31@columbia.edu,Xg25CNYIOo,molestie
1895090644,rcarayol32@usatoday.com,lsfZno1XJqc,ultrices
1295212854,ecastree33@mtv.com,fE9HXoMt,sed
1332101836,freynoollds34@army.mil,BgyCGh2U,porttitor
6988269797,msowle35@yahoo.com,0jn6SUhZ,ligula
3217540468,dgrimsdith36@reference.com,0EZ62s,turpis
4977822196,wdorber37@weather.com,zsusTtt8,in
0156083817,jshortt38@canalblog.com,iI5IePEVgp,fusce
7924451862,efarrer39@pinterest.com,aXcfBaq8u0cg,in
5130012585,ggresty3a@pen.io,fRGjjxZkB,a
8280300007,clongden3b@netscape.com,EaDU3tcnYci,commodo
3663924297,ipryce3c@tumblr.com,9ZdO2CsM4hHE,sociis
8668332473,nlayson3d@who.int,4SEWtETxJE,ipsum
0814512437,aguice3e@archive.org,rGOK4N5x,sed
9086245749,mrzehor3f@acquirethisname.com,d1F9MFXaXkeD,dictumst
2299447709,dpagon3g@unicef.org,A8uWf7ochr6,donec
9727259820,cgoneau3h@ameblo.jp,fQFtpOZI,molestie
4920182627,fconnors3i@chron.com,v2nnIongFQ,purus
6708164965,jgratton3j@netscape.com,t6LvXuQMn3,nec
4438365058,ereggiani3k@ebay.co.uk,21tjWLMfpIA,et
2089955511,calp3l@globo.com,MhH0C7,blandit
6793887149,ahaulkham3m@ihg.com,isVQOLxel,pede
9310397985,dwyndham3n@craigslist.org,9DSb4JFrOuW,interdum
4828003258,dsilberschatz3o@github.com,HRo7eM,nisl
0173243118,lmaddyson3p@unesco.org,u6Z7lo,in
1129843408,osergison3q@reference.com,m52FGo8,cum
9402487492,lgerault3r@amazon.de,5jGyZU08Y1,nec
1506243843,gmcelane3s@list-manage.com,plgFsn1FvE,pede
7366676683,bclawe3t@pinterest.com,SUvRe0eT,justo
0355445867,sdomonkos3u@google.com.au,GISAu1t,tellus
0443781621,sgurney3v@vimeo.com,FcJWffK,in
1938792963,lmonkleigh3w@gnu.org,EwzIlkOR,mauris
5444253305,abertelet3x@whitehouse.gov,jFQv3nj2,turpis
5702398602,rmcgorley3y@toplist.cz,2lEC8MJs7,quis
1806684756,sguinane3z@forbes.com,E20pJTGQ8,metus
3188727534,mmelding40@ed.gov,0pqLjTmZu,odio
5478375721,fkings41@people.com.cn,cZ6zTd0iVjJ,dolor
0662372832,cclausius42@ehow.com,HK1dLqC,nisi
4018502834,klandis43@ca.gov,J83C3CXnz,maecenas
5186532134,tbrunton44@typepad.com,0pPEog,orci
3618903391,amacnamee45@google.com.au,qxLY7yrDg1V,et
1347397388,uboggs46@deviantart.com,Ox525q,in
0944796311,jpitway47@fastcompany.com,8tCwXTob,faucibus
2827313898,jhanlon48@marriott.com,O9TO0bGJ2,et
5367393993,ogeertsen49@jimdo.com,BHNs6w,ipsum
7084630325,avedenisov4a@nature.com,3gsA2X6,nunc
8066882734,nflicker4b@github.com,KIKWqT1A3wT,magna
7803018947,kbignall4c@histats.com,ZhxgqSvjZO1I,sollicitudin
9486328862,smallall4d@webmd.com,UW0WS74B,integer
9682207150,apetrulis4e@ameblo.jp,KpQD0B9zE8,nonummy
4099910210,lkeneford4f@nydailynews.com,CxVbfHsIrUw,interdum
4902662930,kbengough4g@globo.com,9Sn14ANF5f,pretium
8454416056,rellacombe4h@elegantthemes.com,HQvlKwU,faucibus
6058679044,lbengough4i@so-net.ne.jp,7NXLxX9t,id
4591781135,csisley4j@businessweek.com,BeZCC4bUT8Q,primis
9538752929,mgobel4k@apple.com,9uNS00Zdf,hendrerit
4895839699,mirving4l@whitehouse.gov,4bxP2xJ,at
3608091963,mendecott4m@photobucket.com,Tjl5podi,urna
1008024430,bmciver4n@craigslist.org,cs1d5djpTw,platea
0586857915,mtopaz4o@hc360.com,8VnDiE,lacus
2671473923,asellers4p@pen.io,S1imSNXvg,justo
1964014476,acousens4q@arstechnica.com,OJ0WFhiqO,dui
6253840118,swhitaker4r@indiatimes.com,BXuQwdY,vitae
8101801944,njustis4s@dion.ne.jp,UW9SZwODXymX,dapibus
9812768610,hpfeifer4t@hibu.com,XdEDl4O,ipsum
8980170009,lgulliver4u@tripod.com,AYmeHP,aenean
8473596692,nvasyutochkin4v@columbia.edu,idIaTqjSf8z9,elit
5817831562,gluckin4w@google.com.au,e4Mdwj,dolor
8950189305,afahrenbach4x@latimes.com,FgW6Ye,sed
9078555319,omckaile4y@skype.com,xotecVKVvp5,vitae
0243086822,aridger4z@icio.us,QWkrw3z28,quam
1050033728,seager50@ning.com,oS2Gkhn,odio
0813076846,mhasling51@wsj.com,ZO3KZKu,turpis
1305933419,tfearenside52@icq.com,bktRDB,justo
6519431052,oduffield53@cornell.edu,0lfBiWmn,iaculis
2617601331,imussalli54@deliciousdays.com,uUTA1Poh2A,sit
5921711489,phawgood55@freewebs.com,VtQgJY4,bibendum
4935137630,sriste56@123-reg.co.uk,8sNXc54IznhU,massa
0590064541,gshillabeer57@hostgator.com,lWZLSrXP3,sapien
0786226552,eguiducci58@taobao.com,BMgpZJ5,rutrum
3955458326,bmalia59@is.gd,KtQcCplVP8Pm,volutpat
4002587118,gapperley5a@arizona.edu,QLXvQD0H,suscipit
1257605941,nconnichie5b@marketwatch.com,TvMlA09,turpis
2936775442,sseville5c@goodreads.com,JhlyguE,amet
6725597297,tdagg5d@sourceforge.net,ZHgYGDXdA7N,aliquam
6024865619,mhiddsley5e@ucoz.com,J5CVlvMr,in
2034278151,mfawckner5f@rakuten.co.jp,aAKdRvifR0B2,nulla
7120147609,bmahedy5g@statcounter.com,EwRlnk6nEMC,morbi
5132845118,jedgeon5h@acquirethisname.com,Mg3y56l,a
7330936456,hcoleridge5i@uol.com.br,ZFY5WS,id
5871293174,tcrowest5j@yelp.com,Yg2atKy6w7J,turpis
8192656691,dkarslake5k@yolasite.com,IhQYU06,cubilia
8261253589,qmccambrois5l@youtu.be,0BxhuFi5Fru4,nulla
9483992028,wdrepp5m@goo.gl,cmOdNljMHt,habitasse
2583803999,gbotha5n@google.es,ON5gEK6K0K,eget
4839427437,agoodridge5o@wufoo.com,abFFTY,placerat
3111139840,tpandie5p@diigo.com,E2xF8Ix,quam
5996879425,gfruchter5q@pinterest.com,7pYWWrL,morbi
9302772705,pniesegen5r@github.io,sTjlrly8Mb,odio
8577220834,btwaite5s@last.fm,UkmHrylu,amet
0733147941,dwind5t@prnewswire.com,Y67Pgd8Yp0,et
1060045710,akullmann5u@europa.eu,3VPXDm0O7,ultrices
7617042442,cdumpleton5v@youtube.com,cLNpmF680hhi,maecenas
1347716440,bpaddon5w@skype.com,3EbOpyIc,lectus
3282236425,morr5x@netvibes.com,LtsZEdV,praesent
0562651195,mjatczak5y@smh.com.au,3qa9kevDF9J2,luctus
5164155257,gdougherty5z@livejournal.com,eBGjQhnhCYc,vestibulum
9039841268,jpanyer60@chicagotribune.com,Rpj83cDfd5,donec
1379446880,fridler61@nih.gov,S3q473N2o,quam
7505047728,iwarlow62@opera.com,7Cm4yyQh,pede
9370833145,hsheldon63@blogspot.com,StBIblj73Y,sapien
4948464007,llandsbury64@sourceforge.net,9uS0g3J,mattis
0274923106,kmcevay65@behance.net,jujUvm,ut
1647981026,meglise66@addthis.com,QlMvUqaXDCU,morbi
1860082173,sateridge67@walmart.com,Kn9Y8fEb,primis
8498419646,twhyberd68@friendfeed.com,1OvtHzrR,quam
2396900242,samdohr69@prweb.com,9perpK39,ante
1329734807,gbrotherhed6a@wunderground.com,JWNIeaNAK,nulla
5918883797,pgeyton6b@bloglovin.com,gSEJBUM8XoT,varius
2067981293,rhansie6c@ca.gov,ws1rJ4od9mC,consequat
6685714557,equittonden6d@ucla.edu,bJROQ7LcOHKS,montes
3095759282,yhayer6e@state.gov,9g3BlzYOT2,ut
5994257311,dparell6f@msu.edu,Y1uHuwb6k,est
2493595122,abaukham6g@github.io,NBAM3L4bBSX,non
4313866027,gslyman6h@intel.com,iRMPd0fhlN,nulla
8870806286,vmatyugin6i@odnoklassniki.ru,DsZ5fH78,pede
7166749520,bvelten6j@example.com,LWsbz1iS7ZMw,non
6176465028,jellerby6k@cafepress.com,SMx8pGoh,eros
3158884216,afrawley6l@domainmarket.com,AhnNlkEo3GUy,justo
1440324239,rboyan6m@slate.com,1b3pUkN8hF,vestibulum
7273602582,spickthorne6n@opensource.org,7avgjY,et
8128170953,lbrookbank6o@cbslocal.com,0qKW9s,hendrerit
4369998719,uspittles6p@nbcnews.com,E64xCT79,duis
5503137205,dmetschke6q@hugedomains.com,8PEhVt,duis
2015730079,avernazza6r@patch.com,xsqweWI7,orci
4165425389,fetridge6s@samsung.com,uUrBc3,non
3325860788,ashorto6t@ted.com,qEidV6ECg,lacinia
8062567621,dkinsman6u@xinhuanet.com,M3ndbRt7,vestibulum
1823668666,mcabral6v@merriam-webster.com,5Z1CXryIGBuY,in
7558955688,charman6w@accuweather.com,8p9XiH,ut
4199468811,tkarel6x@fotki.com,rxA1hC4,duis
1623575583,xshepley6y@bbc.co.uk,rsbg7UpIqM1q,maecenas
5277879560,cbracken6z@icio.us,myLdoOj,dui
2767299223,lbeevor70@rambler.ru,fis52ie1c,et
7331456237,epigeram71@mediafire.com,L1fzE70,vitae
0311136494,kdumbrell72@hp.com,sVfinMNa,habitasse
3486002953,rdemaria73@disqus.com,Z7wRwh,odio
9219480611,wbartolomucci74@wikipedia.org,ras8jNBMrF9,sem
5764080525,mgrinston75@imageshack.us,e5cJq7ZDW,imperdiet
3025839325,dgowdie76@nsw.gov.au,3fGxR9u,nibh
4895628396,penrietto77@list-manage.com,frEDOZZSRm,imperdiet
2053599081,pmorrowe78@sfgate.com,NV3DE0,nam
6095905486,mvokes79@elegantthemes.com,Ada5QCSH,in
5748910683,tmanilove7a@unblog.fr,xjyc4qeZuADf,mattis
4975347970,dsirman7b@clickbank.net,jv5kXtqUqff,sapien
3344787012,agoldring7c@google.co.jp,kKQxuw,maecenas
0905346025,apaulillo7d@flavors.me,FGTyjsfgZ4eu,purus
4538370541,kbruin7e@clickbank.net,deVthpMskKG4,mauris
1234277166,jannell7f@illinois.edu,Q6OWjrV,sem
8677664920,mmaudson7g@cam.ac.uk,FwIxfHaac,morbi
4639574959,pcicetti7h@feedburner.com,OBiistP2j9,ante
0143324330,tjacobssen7i@discovery.com,wx27200hp,vulputate
9096367928,lhartus7j@privacy.gov.au,mOpD1gYgaJ,ipsum
1707934274,mcaldicot7k@gravatar.com,0wdYv0b4D0,interdum
1431308110,kpask7l@deliciousdays.com,wqfWkkXfu,dui
6373855627,cmainston7m@networksolutions.com,npqWpF,enim
8987777987,amephan7n@a8.net,E9ETE0b,tristique
6413644214,kchallin7o@arstechnica.com,kDkxqM03098,massa
5606628007,hvanarsdale7p@bloglines.com,V2zb0Ke,ante
7903988239,shaddy7q@bbb.org,rHLoi888,purus
3919500997,jranyard7r@intel.com,UT881QfRcHRE,ultrices
3734771234,abuckbee7s@wordpress.com,ts3EurwP89,viverra
2818580986,fsweetzer7t@posterous.com,OPFKnODHw,condimentum
9476108665,pferreira7u@baidu.com,NhxokGJ5,etiam
7935508216,vgelder7v@tuttocitta.it,L6W9Nvraj,mauris
4606949325,mholsey7w@nsw.gov.au,4Lo8FnpJWI,ante
0362588015,bcrickmer7x@surveymonkey.com,07Wk8xa7L,volutpat
2734300044,zdemann7y@usa.gov,53qN6Req,nam
5075012620,cadamski7z@t-online.de,vyH6cQWhj,nulla
6213169067,aclarricoates80@technorati.com,XxV6WJ8U8XwF,nec
4230935501,nvalett81@smh.com.au,Z2HNGjd,ligula
9760049686,dfleeman82@symantec.com,dkHEf5cGplPM,ut
5278668784,kyusupov83@biblegateway.com,r5UTHg,nisi
7365471301,hcaldes84@360.cn,WBOPS78ePTYj,nascetur
2172733318,ymetherell85@china.com.cn,aMemoTTUr,commodo
9732453230,jlockery86@nature.com,1xL6OeV,mauris
9615752746,pbarrell87@msn.com,x6xqhamKE,dui
8531540062,cleigh88@yandex.ru,FxbNdE57,convallis
3506723014,bmalser89@stumbleupon.com,IRiyaK,tellus
5431627996,stitmarsh8a@constantcontact.com,YqnzFEcl8gjB,mi
6271583709,bcloughton8b@slashdot.org,od74drZ90V2,sapien
6907518961,bmatovic8c@booking.com,yupHqxAi6S9i,malesuada
9043938661,mswatheridge8d@yahoo.co.jp,nNN9xgl4Zd,libero
5854202247,lkeelin8e@admin.ch,N0X3t75,nam
4071685913,dschwander8f@answers.com,q6jthc,libero
5829781808,jpanniers8g@chicagotribune.com,ZiTEFSv3Rv,eros
5776156351,lthraves8h@flickr.com,WXMiTO4tPCVU,dis
9648998647,lkeepin8i@cloudflare.com,yXDHBPLK1kp3,quisque
8346446810,geberdt8j@jimdo.com,y3VqShcpNS,aliquam
1108662595,zthorby8k@reference.com,w6uidho,neque
5474637985,dshirer8l@msn.com,0BDPZPssBLr,nunc
1238786898,cberendsen8m@arizona.edu,1x6PcEdmIjz,donec
7363886784,gthews8n@miitbeian.gov.cn,EFStn63wW,curae
5643180200,edei8o@time.com,Gyd35szDkUC9,ligula
8250328329,abuxsy8p@elpais.com,lMUrCeEJ,parturient
3819083847,stetther8q@sogou.com,n8KQSeoUWj,in
0618673636,mcape8r@posterous.com,S5RLLBE,a
7428836336,ahurst8s@ibm.com,YpieYxm7d,risus
2741837791,mtidgewell8t@narod.ru,iYBwoDDeQiK,sem
1087285135,abonass8u@home.pl,XC4iXGEtM,at
1048113191,apoulden8v@de.vu,eWOONU,ultrices
7175079141,rmighele8w@engadget.com,1zD9dL3m,vehicula
8557608578,ddenisyev8x@myspace.com,xwODz0,amet
8512499036,jascroft8y@wired.com,kyePCJXaaQ9,nibh
5253783598,tchellam8z@odnoklassniki.ru,fAx1oyz9Df0,dolor
1641678550,vherley90@thetimes.co.uk,lP9En3OBoV9,vestibulum
4872359186,ptheaker91@a8.net,UpQMw8arZ,porttitor
5242850566,rhabbijam92@twitter.com,N3JxpZRGI,sem
1014267854,creagan93@furl.net,CIudgb,quam
1394577494,pmagrane94@jiathis.com,gGQdI4iuc,montes
0920452361,odurrant95@economist.com,7yUw6nTXgwS,quam
0515904902,cvedenisov96@elegantthemes.com,5UKsr9jG,malesuada
4682509977,mharower97@mac.com,dawARChbep44,fusce
2017257540,glabat98@yandex.ru,bLYbUQm,ornare
9631735389,kmatei99@time.com,dtoKXVxz,urna
9196299894,tbroggio9a@w3.org,mbU2nk,non
2531991875,ahammor9b@vkontakte.ru,B811v4WrGT5,nulla
8881133776,amulcaster9c@smh.com.au,ezVGfsGKsJT,augue
0848214315,dpadly9d@cisco.com,HyZJ56,risus
7925647434,speddie9e@amazon.de,0kPwOP,vel
8406457716,pradbond9f@wikipedia.org,hHBLHf,amet
4139894733,gdikles9g@dot.gov,A1bhO4DwlT,platea
0416805671,ssalleir9h@cmu.edu,cvOkwvKV,vestibulum
2357743301,jeastam9i@sogou.com,escKoW8T,purus
7689036708,rrothschild9j@mac.com,SgDTqIWT,nisi
9489950947,tdanigel9k@arstechnica.com,X37kYGqqx,luctus
9024785421,dfacchini9l@examiner.com,JQ5mYegP,nunc
5823006519,bwheeler9m@fastcompany.com,1nNnI1,at
5985199533,tzanassi9n@microsoft.com,Y8vNZb3,ultrices
3080881273,mhalleybone9o@harvard.edu,Y2Gv0Pj,aliquam
8770428751,rattewell9p@nps.gov,P0QhymV,varius
6052466162,jholson9q@ftc.gov,KO02gHDBBm,id
3153773947,jstower9r@mapquest.com,pUIYU1WU,nulla
4158798388,bmickan9s@arstechnica.com,zz0H0KlzYgK,diam
5224221099,kebbs9t@sbwire.com,CVF4jBTR,eleifend
3602368513,cmenchenton9u@opensource.org,ybHN4oOK9Jb,nisl
8028961517,rpendergast9v@i2i.jp,rjkVQE,suscipit
0933793618,fcamerana9w@360.cn,MvNnCqjX8L,id
7235301651,elemmers9x@arizona.edu,luyREu,etiam
9200903509,bpearson9y@flavors.me,K8pXw6TgXx,enim
5742112122,hschutte9z@un.org,KJuKIk,id
5465699779,aelgara0@free.fr,61adfYhGv,molestie
2830138384,smudiea1@booking.com,6zU4snp29m3T,integer
6035843425,bspencooka2@g.co,znVlNof,lorem
7664936403,wphlipona3@weather.com,kY0n3CChl,amet
8338187062,llicaria4@tinypic.com,WzwIj8BBWFI,vitae
6426542040,pfauloa5@nature.com,iVAWBC,ac
8371721102,dmanilowa6@cnet.com,pcsXsQSQsQZ,a
1354965752,lskillingtona7@ibm.com,8YB2Cdcsy,nibh
8161280770,cmulderriga8@istockphoto.com,nGJ0Wq5L,nulla
2619125650,zsalltera9@microsoft.com,YMSYOvL,volutpat
2141106362,lfirthaa@shutterfly.com,a9oe1ABieWDd,ligula
4076573404,mgledstaneab@google.com.br,31piDccxLrH,pellentesque
0123768829,bdederickac@livejournal.com,JkadMnl,in
5020643769,vsetchad@dedecms.com,sseAenEi,lectus
8094167777,wdarbenae@histats.com,9ydEvY,orci
1813082006,medsonaf@timesonline.co.uk,9wBJI8gMXs,eu
0233357556,rcrosstonag@etsy.com,RriP6Y88NQ6,nunc
7191589205,smacallasterah@tuttocitta.it,BdFJM6MzSLjP,nisl
0425024091,mharmestonai@epa.gov,LxOsy7lV,potenti
7954149765,mminneyaj@biglobe.ne.jp,jCMOSi5,elit
2815127237,tfarringtonak@ow.ly,i7qmO3gN,est
6413463163,sakasteral@mediafire.com,21Vcvet,convallis
0361187076,tmalkinam@instagram.com,CjPqH66,quis
0764088076,lbreean@amazon.de,brrWLV0xX4sY,fringilla
4401171845,iailwardao@plala.or.jp,OYmFmvoaUfe,amet
2978428910,fklossap@fda.gov,1VCkrei,rutrum
0874216710,lcrombieaq@home.pl,riN4psa2,in
0475721470,agiacomoar@flickr.com,lp63nC,bibendum
5278637005,dtoppinas@meetup.com,WhUBgEoYFL,non
7684338277,rjoyseyat@sfgate.com,xEBlCT,ut
9327784936,dwillowbyau@blogs.com,fTFuPDaWSTv,eget
3223253831,cmcgallav@dedecms.com,q0kXrkif1jny,eget
6673527137,dpriestlandaw@answers.com,XtTLo0h3mm,eu
4329215284,lsheafax@chronoengine.com,NMZHgmXV,lacinia
5821500281,ccartmellay@domainmarket.com,XPuwy66Dwk,natoque
4816200290,tmcdillaz@howstuffworks.com,D22BXc7H81,amet
9699243597,gstackbridgeb0@seesaa.net,cSkNYYzvW,a
6357042188,kjoriob1@gizmodo.com,VUbi4b,at
8267104054,kmaloneyb2@blinklist.com,dnJf6Xo,odio
0889260222,bsieurb3@webmd.com,vib4bAJSW,sagittis
4267276870,mwarrenerb4@zimbio.com,VhppuwoNcjlq,orci
6715655499,dgoodwellb5@sbwire.com,2EY51K,nibh
1542036364,nmcawb6@sourceforge.net,4lAefQOp,nibh
4595079885,tbomeb7@europa.eu,TwM5H8,etiam
3349954758,bkiehnltb8@microsoft.com,NSMUBq,fusce
4216017444,lanfossib9@wufoo.com,R3ri0vNTmuRb,tellus
9936629825,earkellba@icio.us,B7r7hs,aliquam
9788832849,jbaildonbb@booking.com,PiJo3Jsl26yT,ac
3804813410,pbinyonbc@mac.com,44Jcu8QDxg,nisl
5152257106,kgillmorebd@cbc.ca,I9Cexbvj,praesent
5545342192,ncadmanbe@wunderground.com,eMK5sDW7YJF,lacus
4696631885,jleftleybf@quantcast.com,eB0jQyqvwm9,pede
0438326792,jdupreebg@oakley.com,nDNqflxouu,velit
7853980337,bvernabh@amazon.co.jp,xarz4iW,lacus
9046126978,crapkinsbi@businessweek.com,yZvF4MeKNb1,lectus
8729695759,tcrookallbj@alibaba.com,Kp0BqP,eros
7090086852,rpeverellbk@examiner.com,sgu19UK6,sed
8094528850,ggunsonbl@nature.com,1jmbiDmodyGu,est
6996711177,tstatefieldbm@nasa.gov,uKzpzQ,elit
8202989655,orosencwaigbn@gravatar.com,oeRpW7Yv,posuere
4806171433,kfreestonebo@hud.gov,FY6tCXA,quisque
2728326258,cgabbotbp@spotify.com,gOAyfhGb,luctus
0794704344,dweymouthbq@biglobe.ne.jp,h9lavMfFblNw,a
0255056524,ronoulanebr@ask.com,h3lxB6VJFIn,egestas
5919130032,jwilliscroftbs@usa.gov,H1tw3Y2Z,in
6449732113,lsyresbt@alibaba.com,jNjdlK9COvC,sapien
1019155744,bbroadwoodbu@dagondesign.com,3DT2uTR,at
1984380133,tscibseybv@opensource.org,TOvyxAbE4b,elementum
0125168764,strinkebw@tumblr.com,8wTZ4xQhrUrt,primis
2981319981,lwisambx@jigsy.com,fjdafhK,nibh
6436916148,bengallby@youtube.com,zWCq497eUD,hac
2710863677,ribbottbz@google.es,pRerzMl,luctus
8620179411,brichfieldc0@google.com.br,hbvMfwxqe,curabitur
7009350396,vduberryc1@naver.com,rPC1TSM6fE,nec
4739936127,rjerrimc2@ow.ly,b6fr33Q3Fg6D,et
7121190664,sangelc3@ox.ac.uk,bY2RHRq8bBjI,vel
2733718622,cbrycesonc4@tmall.com,B6Z6RGdL,ante
0394738780,acleeverc5@google.com.au,CzzokIL,rutrum
8527848163,asilverstonc6@tuttocitta.it,mwGzm8Cyp39F,dapibus
8849993005,kaldrinc7@si.edu,WRQQI3xOTom,magna
8797044032,bkorbmakerc8@theglobeandmail.com,qzbRojhFZvLI,suscipit
5837219390,rjoskac9@sogou.com,i59VuarPB,vestibulum
7527281421,cconnaughtonca@yandex.ru,n41BqLlMynCT,quis
6207197291,ggetcliffcb@japanpost.jp,uGU9RyFlrUQ,nascetur
4529100464,beakencc@illinois.edu,UGwGiJcJUR,vel
7153230750,amckissackcd@cmu.edu,tvxnljY1VV,mi
6563926088,fdelaeglisece@cbsnews.com,gtsJbzbr3eRl,ultricies
4743508770,fwillersoncf@tripadvisor.com,xWGRQp9Zp9L,vel
8221637696,gmurrcg@reuters.com,LMCnvc6yX,nisi
9281705036,sholttomch@tinyurl.com,ssLhAH0wO,morbi
1080506225,ipinillaci@blog.com,ZG1TSj,suspendisse
6547857050,salcidecj@de.vu,hec7oud,erat
7406229194,ddoogck@youtube.com,p8Alfuz,eros
9568334580,mmaciejacl@newsvine.com,zgcz7jOWd,justo
0928934268,callardcm@webmd.com,1HxY5F,ipsum
7685875136,emogridgecn@ucoz.com,eE2MYq4,sit
6750700128,lmarchbankco@fda.gov,3skzJ8,libero
8160238665,gwhewaycp@icio.us,ZMD0a0T76,ligula
7656086145,rcafecq@nih.gov,sScy7Yt8EPJF,pede
7324397085,gduchesnecr@gnu.org,SCkMxVeN,varius
4340259411,fballcs@tinypic.com,a8lWluCW9,platea
8229538573,eclareyct@live.com,erYLwqjUP,tellus
0905532325,mneadscu@soup.io,5d8lX4PliCY,metus
1692409573,jfirebracecv@europa.eu,kGkhvbRTK,nascetur
5315227901,lrangercw@acquirethisname.com,x5RjRjVCvq,amet
3083987838,tlouthecx@slideshare.net,k9vHAEZ,consequat
0732202485,fhaincy@4shared.com,YhVS5QkweY,congue
1108906265,tbettscz@blogs.com,cdbEaiA0VQ,cras
0713196416,gwolfitd0@51.la,rgxjm9ljCp6y,dapibus
6649758663,kattrilld1@sitemeter.com,uf3mX3irVO,luctus
1559510870,eloobyd2@ox.ac.uk,B8gDvHb2,posuere
4549009179,hlanceleyd3@dropbox.com,I2oY2Sh,lacus
0357535170,mverheijdend4@meetup.com,6hnTZQXzh8Br,augue
1794574042,lharrigand5@mlb.com,mY1zngaHa8yX,eleifend
1228816859,ppolglazed6@webmd.com,bJSk8AgqbR,neque
9416772321,gdickyd7@archive.org,6X1Z3lPXmbUt,augue
5892833739,ssavaryd8@hexun.com,NTp2Tp,proin
0850174155,srackd9@salon.com,9hXQg7fvbf,ultrices
5224461871,csammsda@senate.gov,mDcxd8,rutrum
8831352733,aelesanderdb@printfriendly.com,kwIKKfio,congue
7439131746,fitzhakdc@goo.gl,uzqFe0Y88t,vel
1764365542,ocameliadd@histats.com,CUS51thNUr,aliquam
0658753797,ksaulterde@nhs.uk,wvJdbd,semper
6026951814,rpyrahdf@meetup.com,Rhpo39kiRhap,fusce
9456204421,rkilgallondg@slideshare.net,huhdbHSfFgQE,et
1373902450,lbateydh@wikipedia.org,vTnG4gevqyo,aliquam
5262277764,ahowesdi@pbs.org,oqgU5x,massa
8549507318,jayscoughdj@guardian.co.uk,7eENJ8rn,sapien
8522625956,leldondk@patch.com,neoFRsI,etiam
2924339324,mfurslanddl@time.com,BdC6WrEi3iW,vel
8156140591,tswalteridgedm@constantcontact.com,1vuQlyI8QY,lacinia
4800931967,estronachdn@discovery.com,ne7Xnu,vitae
3945274427,emoggdo@senate.gov,8iSssbED3x,tincidunt
5874751939,fmatusevichdp@google.com.br,NEcwFVd,sollicitudin
3982810329,kfaunchdq@phpbb.com,rw9j4jN,et
4511191271,djoriodr@mapquest.com,5zDnzN8VpJnw,sem
7023341048,aocahillds@cam.ac.uk,dyCioZqkUWU,sit
8303452045,gaslamdt@npr.org,QgdZgyMig,molestie
0484133489,agonoudedu@yandex.ru,MHUI483T,dolor
1900939541,nellsomdv@a8.net,clpeS9jfr,curabitur
5312457825,pmcgettigandw@forbes.com,OL471w1z3r,dui
2294736273,acellodx@netlog.com,P15RtEmfiN,dapibus
4055552017,fmattiazzody@bloglovin.com,P5KW6KeYW1,elementum
8340959670,jshawdz@networksolutions.com,6t9v9ITjXc9D,aliquam
6706310816,sbrounee0@telegraph.co.uk,2ihnk8zUbAh,ut
0168125668,lhulstrome1@va.gov,zElPD3dQhe2,aliquam
9483659493,blongfute2@artisteer.com,5gcwC8aJbFG,vulputate
4394728207,gshallooe3@wikipedia.org,655QX4I,ante
8997971360,hteesdalee4@1688.com,bpRQagOu,phasellus
2031716700,tbrownscombee5@washingtonpost.com,43m4XnufnRjy,ultrices
9022768716,dmurdene6@myspace.com,M9c4uAP,odio
8610617688,rolubye7@over-blog.com,YywMAQik7,nibh
7159628829,mwoofendene8@fastcompany.com,kAFhxO5nQyUQ,consectetuer
7263502755,cbaulte9@oaic.gov.au,O6o8cKV,hac
9241288574,wchalcroftea@github.com,3xDqpSKwA,dapibus
0515849863,bseallyeb@house.gov,qrsvNfDTK6I,aliquam
4419567945,ahammerstoneec@dot.gov,Z7igYtXzyTeq,etiam
4829849711,kwalbruned@gravatar.com,WJu1x7bswz,pulvinar
0702768359,tdunthorneee@webmd.com,7772gfe,magna
0004700635,dortasef@tuttocitta.it,INVQFQVUI,ut
9888377590,ctubbeg@youtu.be,4d60xFU8Je0D,donec
0687185254,fdugalleh@yellowbook.com,aYjPXdjFl1aT,leo
7371884043,mphilotei@deliciousdays.com,6sXMD7,condimentum
7577157198,gandreucciej@theguardian.com,7O70p9,tortor
3355976792,nrieflinek@quantcast.com,iFZieX28egt6,cursus
0724762876,elangel@theguardian.com,IN87p39de,congue
1093356294,pnovakem@icio.us,uiySSpQduIzT,iaculis
3776135468,agoulbourneen@huffingtonpost.com,5fbvfL6JC,posuere
5088840675,cdadamoeo@zdnet.com,E0eWZZVUG,sodales
4102259139,gackeryep@1688.com,AkvjKiIJscD5,ipsum
5851463511,bmilsteadeq@thetimes.co.uk,s6fsNoMqF,vivamus
1839447400,gtidcomber@privacy.gov.au,NRFkk2,sit
2957960508,ccareswelles@indiatimes.com,caINQcY3Xg,orci
6562334330,cweinhamet@mtv.com,ahiP5mqPfm,turpis
3504617993,apashleyeu@fc2.com,e4ME3PxfmV,sed
3831905657,mbaughanev@over-blog.com,MRXz0wtzJII,aenean
5998925629,spetruschew@alexa.com,8BDdLuLUF,integer
9304155177,garberex@ucsd.edu,0WjISKdn,maecenas
3697918559,btolworthieey@prweb.com,XVz3Sc8c7B,nec
1541052161,oallmarkez@github.com,0gZyEZ2gc,dolor
7933540155,lwalderf0@quantcast.com,9J7dTXzX,morbi
9805953483,jgailf1@tmall.com,qwNw4mxn8,mauris
7672297821,mshellcrossf2@amazonaws.com,RsWNTd,varius
4464261485,amckilroef3@buzzfeed.com,0L5EX6j,ante
4260376764,ehastwallf4@google.com.br,yhGDE4KBh,erat
7446379111,rbatrimf5@unicef.org,6W7zuXbL,phasellus
9010790126,whirchef6@umn.edu,mD4SPS,consequat
9878286460,dfrancescof7@usnews.com,f3YayDhSPX2,lectus
5389766768,fpinsentf8@imdb.com,HODs552jgLbF,orci
2926226780,fmcpheef9@icq.com,ruIrkw,non
6790468358,cgraftonfa@google.co.uk,lQG9FTTb9T,ante
7829069042,aarmanfb@home.pl,qh3exDR,tincidunt
7638908422,oblazdellfc@omniture.com,1wraTfw,integer
3215587475,cbaeldefd@prnewswire.com,6YI6hSHjC,id
5655092077,arudolphfe@taobao.com,aBpllw,arcu
6617109007,cpidgenff@dyndns.org,CuyOqUc1,eget
6762559158,rlarsenfg@ning.com,SD7nNSW,sed
6750086845,ryouelfh@ft.com,vJfaFod2,sit
9396727873,sdabsfi@sun.com,ymOkWnK,habitasse
2384287109,rhellicarfj@nhs.uk,AIPcxl8,condimentum
8119833465,closekefk@php.net,GxnEt7I,nullam
3302990642,astennersfl@myspace.com,vinaXMWzhaU,risus
0304419591,apeartfm@state.tx.us,nKj2IPuo80,posuere
2794778188,mantoniasfn@mysql.com,3rLXFZsSDlUq,nascetur
6157345578,mfolbigfo@reverbnation.com,EnI31mzt2,massa
3881079750,sbowartfp@multiply.com,QOF3Zr,amet
7326156832,jindefq@themeforest.net,pVEOmu,vitae
6851807521,cmckailefr@cornell.edu,TI0lpDbCSyRN,quis
6484949468,rbuzinfs@engadget.com,rKDw1W2D,vehicula
4625810736,jcathroft@amazon.co.jp,4utfVXH,venenatis
6317683247,cdowningfu@slate.com,9Zlot17,non
4665132968,fsybryfv@privacy.gov.au,OSN7JXnq0,justo
5584932078,cthornbarrowfw@shinystat.com,HzsFZ4s,sodales
4872775805,jhughesfx@naver.com,gOMCIU5,donec
1420375008,aziemenfy@weather.com,gQ9CYoaZft0J,potenti
0334578744,corrofz@tinypic.com,YSZvZCfB,et
4221058137,rclarkeg0@addthis.com,ZjjRZN,eget
5339198022,adugaldg1@engadget.com,y6IvCb31,id
9932216747,naggusg2@spiegel.de,pAXHonC,rhoncus
3214599917,jskipseag3@instagram.com,PZJzB7rX,eu
3033691730,fkolakg4@wikipedia.org,yT5xE2mIZ,justo
0270822933,uhurrang5@csmonitor.com,B1Lwq8,aliquam
2801253162,bpowrieg6@comcast.net,ODSG4WJgXsX,nec
5484289580,rjeensg7@imgur.com,lTFOgOBM23mK,sagittis
7103200378,mpinardg8@intel.com,pSoCe2QQB1r,congue
7456291241,rmatzkeg9@gnu.org,POo1vIN1,amet
2150498499,rmedlicottga@hao123.com,EEmmKTziej84,morbi
7528368644,mhaddickgb@imgur.com,NqB4OIrEXYG,tempor
5126091492,hyakunikovgc@craigslist.org,s11ccQ,leo
9574713369,agiddengd@nymag.com,xC2VMtLJV0J,luctus
6485940332,tdietmarge@reference.com,eY4zWCF54,eleifend
6792489492,hguttridgegf@github.io,suXHiwtTv3,vestibulum
9209813332,msturgesgg@istockphoto.com,M6Nkfvf9q,tortor
7772347995,lfinkgh@google.pl,kzuCx3V,lorem
7487307069,nrichfieldgi@salon.com,akepaEixFd,ut
8875811180,apeatgj@mashable.com,cgIUPtkq3T,enim
2747565556,jwincklesgk@wired.com,NkW80l,morbi
4886945325,bwhimpennygl@mozilla.org,Osu5voAOdodx,non
2559582910,weshgm@dagondesign.com,wm99g60zk,elementum
7941808609,cteschegn@phoca.cz,pgQg9MwNkXon,vestibulum
6579615222,lkingerbygo@studiopress.com,wSVge9pVW,lectus
4402108012,cpoldengp@fotki.com,W5xUXx0Amk,ac
6040348992,omattgq@marketwatch.com,KeukTx,orci
0850109744,tgisbeygr@devhub.com,4y6H7pFm9tar,semper
6399096405,byarrellgs@cisco.com,7UI4NwUFpF,et
1560350598,coldeygt@toplist.cz,YG2FQdT6,neque
5982686654,asurbygu@arizona.edu,gF0fdOQjVbto,libero
4068230390,egrevelgv@howstuffworks.com,cYvhL98,pede
5548354485,mspowardgw@harvard.edu,FL1uR9UXk5Q,tempus
7301532210,ipantergx@google.it,3DbG2YRYsjQ,diam
2057946797,kduffgy@topsy.com,kKiGFwL2ui,volutpat
8691435739,agrabehamgz@indiegogo.com,kZhy66Xj1,ipsum
9067979031,aelstubh0@cnn.com,GJQBrXy,proin
2544653027,tcorrish1@360.cn,PkkTuY5,nisi
3369674394,mblackaderh2@sourceforge.net,kLWX3Mo,ligula
4708385560,bmickelwrighth3@cyberchimps.com,mvwgWA7,in
1453431489,kcollieh4@japanpost.jp,GIJ2GLpm2Kc,ipsum
1042530637,msewallh5@gov.uk,bNxg3ex0d9,platea
1668085178,ududmeshh6@netlog.com,HNJs5RJM,nisi
0770914470,dpurchonh7@jimdo.com,2und5HvVsvi,fusce
4919178980,cmainsh8@tiny.cc,0IM08fpd6,lacinia
5955281290,gpiersh9@accuweather.com,ALqOebUH,penatibus
6116538886,oevansha@boston.com,0EPSUmOEt,morbi
7961373004,bgullenhb@dailymotion.com,lJxA3RC,aliquet
1452591865,dravenhillshc@twitter.com,LZlS4bY9,eu
6370217131,mbiestyhd@surveymonkey.com,xDOqP4g,proin
8840102841,adebillhe@nymag.com,v7DuzE5,lacus
6446188528,tflaxmanhf@youku.com,NiyNQb,sit
3984281595,eemmanuelehg@furl.net,dz3iWRTqQ,vulputate
9109359869,tgynnehh@acquirethisname.com,OIQaPgkG,a
3467105718,jverheydenhi@topsy.com,FwSZM40mn,id
7197278414,nfairbridgehj@hao123.com,ydR8UZHJW2v,mauris
0725122471,asainthk@drupal.org,M4LD7F0b,quis
9433750918,dheinlhl@google.nl,oYwMhnPEG,eget
8774553186,pmacgrayhm@va.gov,FuWf5eai6,nullam
9974582768,lschellighn@jiathis.com,WrfoNj,curabitur
3590141719,cwilkisonho@independent.co.uk,FjcP9e,hac
0673809617,abrumheadhp@barnesandnoble.com,5g3iaVJE8M,duis
5962146514,glippinihq@163.com,8Gys0ZOQ,curae
7553667382,rhallumhr@purevolume.com,Eksm0z5N,sed
4361904960,mfidianhs@yelp.com,BXEa5fo,nec
3529587087,fnealandht@wunderground.com,v476Aj,scelerisque
0739531387,blemasneyhu@livejournal.com,UdK7t8,posuere
4908015074,oandryushinhv@ucoz.ru,FgoyYyj,turpis
1127788957,abigginhw@umich.edu,V4lPzX,sapien
7099071300,oitzkovwitchhx@webs.com,X1hrEokCKpi,venenatis
5547713635,ujacobovitchhy@alibaba.com,nLB0rEgm1,sit
7371617304,gparamorehz@craigslist.org,GsK9C5Zw,nam
8937412446,lburberowi0@oaic.gov.au,dajcgP,cursus
3134334658,vlorrimeri1@narod.ru,6bYXnM4id2YW,in
9536174316,ggoublieri2@chronoengine.com,QstLc5nwvG,sed
0949611972,vkiddiei3@icq.com,DSWgCu,interdum
4278685831,smcavini4@meetup.com,8XVsRrsO,elementum
1803514744,valeshkovi5@surveymonkey.com,wIXtvVZcO,et
5068703265,mjobeyi6@lycos.com,flAmQG,donec
7784847874,ckeyi7@51.la,qTUvTACX,lacinia
2138475794,vyoakleyi8@prlog.org,VHlvSNA,in
2031500600,tocrigani9@squarespace.com,PigFw9cHa3zf,sapien
3049671262,jpenchenia@bloomberg.com,o6bktTieZV,ipsum
1974590267,kcrowsonib@dot.gov,1Dk9ptIfwS28,primis
3222807922,esherwillic@fc2.com,UePhZQ,eu
3243437369,lchipchaseid@soup.io,S3lY5rBf,est
1771215720,bhuorticie@tmall.com,K3xsyDZ7VvU,volutpat
7990071738,moflynnif@1688.com,Zo5NZ8I,consectetuer
6748644003,edunsterig@example.com,i5wuA11Kd,laoreet
0963383655,nbernettiih@howstuffworks.com,ptFCWa,convallis
8993316813,hhatliffii@bbb.org,fO5Str,sem
2608062229,aenglandij@discuz.net,L6bb8Y,volutpat
9729655812,fwiddowsonik@amazon.de,Pz5SuJpxliPU,pulvinar
8592263638,amaddamsil@ovh.net,R6MAC76UT9,lectus
5454329827,rfeoreim@sitemeter.com,zKzjkoS4I3lw,tempor
6724716950,gsturgisin@prweb.com,kDvbRUQl,hac
9842147630,cupstonio@shareasale.com,k13asX,mattis
0557488443,cdukerip@purevolume.com,8KsxRH,nisi
1051496357,pgounardiq@redcross.org,7e9uzrXe6,amet
1479064351,mmcgannir@mozilla.org,vuquz4Q7W23,potenti
2932732072,hfeltoeis@merriam-webster.com,mi2gExTkbwMJ,felis
6096469329,lmenchentonit@soundcloud.com,ej5sVfi0bfeE,congue
7824385477,bsolwayiu@tumblr.com,hvAbi5Hl0K,rhoncus
6061481543,spavkoviciv@seesaa.net,8GMhSxnibBB,ipsum
0290195381,paizikovitchiw@nasa.gov,Mh7KwHhR10uj,in
0425663086,tgelemanix@sfgate.com,xBjbMO,mauris
0655819223,cmeaderiy@wikipedia.org,7fEVcIz,vestibulum
8077406238,hniasiz@indiegogo.com,EBhQXur9MW,non
7539861088,jfurlongj0@lulu.com,oLIekkPA,quam
9815421409,mgrishankovj1@issuu.com,isqKsgM,viverra
9074669026,rbrimmj2@eventbrite.com,F1xbNg,posuere
6176158141,atunuyj3@php.net,FvlyVcs5,vivamus
1350731374,jmceloryj4@deviantart.com,GFT4rN2FiBb,vivamus
7460489964,ctrowj5@hostgator.com,3GcmUVi9,integer
5743642591,fratnegej6@g.co,OzFzUkzLAk,justo
3622354992,mmurdyj7@usatoday.com,EPoKSaCi,faucibus
7496043400,kblaxlandj8@issuu.com,vm7QkAQ,felis
4010077999,mhardwarej9@pen.io,N2Xpl2Ohisge,erat
8034495212,dmacalpineja@rediff.com,3LoBaeZO,praesent
8837183992,cdicksjb@hugedomains.com,l7j4coW,lacinia
6412498931,vmcalorenjc@mashable.com,1cIw2G4dJflT,non
0575500999,gslimingsjd@sourceforge.net,bp2SGGkNx,cubilia
1388826801,wvyeje@squarespace.com,PvKV85I2B,eros
8483342413,estaterfieldjf@bravesites.com,4nHz1iVxOy,ultrices
0117210153,pmablyjg@mayoclinic.com,dTj8x2VY5,eget
7288924564,bkauschkejh@wufoo.com,Nu7SNemtcxA,vestibulum
2633535526,mworsleyji@npr.org,Tfqati,eu
8376132334,jmoscojj@jigsy.com,tCj13KC,justo
8355691806,bbirniejk@pagesperso-orange.fr,f1LYFL2XVP,turpis
1258619156,elabonejl@squarespace.com,GKh4Fp1k57R,aliquet
5368324286,rbenezeitjm@dagondesign.com,WaW0ywP6w,condimentum
0417342381,kdaughtonjn@is.gd,feL5at,lacus
2020790688,pfoxworthyjo@whitehouse.gov,vJYhgb,libero
1424628431,viwanczykjp@google.it,lwElugY,at
4440368956,mgyorgyjq@miibeian.gov.cn,xSR3t0fbRBw,quam
6343875573,dmcgowjr@europa.eu,uAbJk4gnd,vivamus
2532776129,abrimilcomejs@hatena.ne.jp,qubydi,odio
9200090974,vwearnjt@sfgate.com,3MT0AX,vel
1285438728,ckainesju@nbcnews.com,jwQretN,in
7004607364,vstqueninjv@gov.uk,zYEAK1Ta2t7,sollicitudin
5699622284,baguirrejw@weebly.com,jkjjEhXW3E9U,sagittis
1589789210,bsouthcottjx@examiner.com,xOLqB4Wg,libero
1957362650,ycosterdjy@skype.com,ohQjF6t,a
2353353401,eiacovolojz@sakura.ne.jp,YQc6DOf,erat
5918253858,aklinckk0@huffingtonpost.com,7ILB9E,sed
7757736684,aeaglestonek1@hud.gov,y5kzSn7S,pellentesque
1445174774,mgreenstedk2@livejournal.com,V4NFWaEN9Mxp,et
8912798758,dlinzeyk3@prweb.com,6FPbgSikRf,etiam
1010727133,kculverk4@sciencedirect.com,VlJOIV,diam
6799306733,twhitmellk5@weather.com,NS8MZAIg,nec
7339652396,smccambroisk6@yandex.ru,8y4TspD64,tristique
1309463573,biacoviellok7@artisteer.com,KxJQzY3O6eE,felis
1925110087,tdolohuntyk8@pen.io,TtzD0B1,vestibulum
5815469939,udurtnalk9@google.it,Ql2TA24mkXi,viverra
2404168568,dbergeonka@jiathis.com,MEOZPQEon,nulla
5849982868,rtomasellokb@cnn.com,QcCoxi4Z,nulla
9873532897,lmenslerkc@home.pl,MDAIEo4fxW,suscipit
4977279891,cgallymorekd@hud.gov,wjsfw7Ob1j,non
1252380429,pcopynke@whitehouse.gov,vsw7dJAgM,hac
4044341621,dmallingkf@yelp.com,WtK0wGmeUQi,accumsan
0889459827,mgoomeskg@reddit.com,C3r1DeIpWUf,lorem
0020288247,tspillerkh@jigsy.com,qOpzlK,aliquet
6101442373,gtrevaskiski@irs.gov,DC5PnjDEu3RW,in
0108050297,fblakemorekj@fc2.com,OkbaY1o2Y,vestibulum
1353571742,etwelveskk@businessinsider.com,eCKaLi,blandit
9286456239,rkyttorkl@mlb.com,EG35OqPUQJ,ante
8659572718,cbacksonkm@last.fm,UyTeOBvrt5f,viverra
8024611643,cjochenkn@spiegel.de,336KZ2lhSD,volutpat
3462006762,cfaithornko@slashdot.org,V3zXSWjPp,nulla
4019744637,omaskewkp@clickbank.net,AlqbIn,nec
7634089036,pbirminghamkq@ihg.com,6O7e1slIi,rhoncus
3579987240,tmoxtedkr@comsenz.com,ETP5QlpzXz,ultrices
5952383114,clipmanks@cyberchimps.com,6HcWiL3,turpis
2751547125,afetterplacekt@hc360.com,5ukb1bD4,a
4791233298,egiacomoku@baidu.com,SJ0ZZs,ipsum
8119880536,jmclavertykv@a8.net,a3J5UI5x,pharetra
7254491797,mclohissykw@washington.edu,0qx0eT2Yh,primis
8877643552,gbernholtkx@tamu.edu,JhzZ72ykTNl1,vestibulum
9009651630,cskeltonky@newsvine.com,3ELAXA5KFUBI,diam
4303679607,ftrasekz@nsw.gov.au,rnlx5LRkqa,tempor
8732759541,swisbyl0@360.cn,MdxAuz,amet
4988130274,aoldknowel1@hostgator.com,mx1DvdCQ8nn,purus
6837189654,nprovisl2@mail.ru,8oQdzKZ,primis
7588291370,prissonl3@acquirethisname.com,Y78izIwBNH,nec
9926934048,iweeklyl4@purevolume.com,H9llOvC1Ae,lacinia
0735205108,tchartresl5@umich.edu,5Z1D2j,tincidunt
2813800511,dskellingtonl6@ask.com,WUWDuO,at
1860446957,qwoodlandl7@twitter.com,ai9AlY1Ve,eu
2980908665,lcapplemanl8@pbs.org,5flKR3F,libero
8969061223,gstapforthl9@globo.com,JrzcWnyD,aliquam
5322603298,phanckela@salon.com,mx3UTI45,mi
7847329166,hlimpennylb@rediff.com,ZRIXSUb8pABB,lorem
7387500053,tbackshalllc@usnews.com,i2pfDfcW9QQM,porttitor
7422477075,makramld@blinklist.com,e4zeOZbmnK,vel
8980359462,lfossittle@tumblr.com,qJtOklDVbrb,bibendum
8359555664,fruberrylf@unc.edu,lWGJQreJlo,libero
5223901835,grosenhauptlg@squidoo.com,hmOGYQ3sK,ut
2092874950,ntraytonlh@homestead.com,E96tgxR,turpis
0782662935,dwhildeli@123-reg.co.uk,EGVavd,auctor
4656101249,cffordelj@a8.net,dh2E41q,a
8296588455,gganforthelk@oracle.com,7X8iPr,quam
8143092399,hblackaderll@360.cn,0reyT1wM,vel
1152895478,dtarrlm@si.edu,Mw0IAIhGHNC,aliquet
7881110864,jerlamln@youku.com,zEl8znNdacR,ultrices
4722548145,tfowleylo@redcross.org,fiTsFW,massa
6803329283,neasonlp@printfriendly.com,LtIHOYtJg7,rutrum
7145887452,bdelaundelq@behance.net,F5xTwjzW,pellentesque
2714544894,rwilbudlr@soup.io,veCKVtj,nulla
6661397381,lklimkols@bandcamp.com,yLo8febcepo,consequat
8613039251,fleneylt@reference.com,d0yiiHg,sed
7487037304,rlifflu@nba.com,lEP421bfvN,sed
8852159681,pbalsillielv@disqus.com,ozLDQbE,ipsum
8756326165,straytonlw@google.it,q9hA1zSYnli,semper
4216216072,tpellissierlx@blogspot.com,oPa72DOu4Ov,nisl
7712400199,gcromptonly@mapquest.com,ysDr7UWJ1Hc,suspendisse
5024242661,rpaxtonlz@hostgator.com,ZUvjULqj,mauris
9711642611,hbatchelorm0@vistaprint.com,6jKAbrW9XrA,sed
8205014671,mvenediktovm1@phpbb.com,8yhn7SAtxy,purus
6568244767,csterndalem2@flickr.com,GOBLiaPKi,nec
9961970594,rbankm3@berkeley.edu,Km8R2MFE,in
8824601383,lsopperm4@myspace.com,duJ08xO5,proin
6913528221,pwrotchfordm5@google.de,jfDs8AP,proin
3478644453,kcrecym6@gnu.org,taVZEYFtv82E,pellentesque
3972758944,mgriffenm7@unicef.org,utADUu9KJIO,augue
2724308271,asouthernsm8@icio.us,vTckgfi22KS,mattis
2676832441,apietrasikm9@t.co,jLMJ8x1LP,cubilia
9566707096,rroddama@techcrunch.com,BiPM0n,a
8057365757,jgoodingsmb@walmart.com,mlZmxR41Ij4,etiam
4028828988,jlindenmanmc@wikispaces.com,VtK9oFjHl,eget
2717999124,alennardemd@cisco.com,fPt1kEzMXRgA,congue
6481691346,squinevanme@bing.com,X3JyNFJ,quis
2649011734,jwoolleymf@answers.com,lJye2pSqSu7,id
3132476048,bbadenmg@indiegogo.com,dVOOnb1BP,libero
2399987993,anelsenmh@jugem.jp,HXbIFq,vestibulum
1398485748,dbrothwellmi@shop-pro.jp,4sAJx6Dax,praesent
3620025355,kcreaneymj@nytimes.com,6HpCDav,tristique
4889963634,ckupiszmk@tmall.com,VEb8zSeihi,purus
7135569040,amandreyml@usa.gov,UTnIutgy,libero
3179259108,dlouthemm@acquirethisname.com,V1qkwNcDC,cras
9330563899,sdelucamn@mapquest.com,yMq65NN4u,lectus
5419246805,fescalamo@auda.org.au,r02PGWk,augue
9136602957,jantonchikmp@skyrock.com,8JTTwl8I2,luctus
9324160044,blantaphmq@omniture.com,8bIAt8,ac
9993675393,mharsesmr@usgs.gov,IJNA06n,sapien
1570857539,romonahanms@google.com.au,sh0xpcek,orci
2467573060,jmcglaudmt@indiegogo.com,9rLfl0Rj4,faucibus
1595834060,vdoudnymu@51.la,hcSoxyvlKH,condimentum
4450813626,ocundmv@latimes.com,A1NBoR0,donec
3471830405,bbettlesonmw@springer.com,KIdIGHRxZn,phasellus
2947534115,mcurdellmx@yelp.com,nX75gJ,faucibus
2655971833,mvescomy@paypal.com,V4oEG2J,odio
2790448825,tpetrenkomz@indiatimes.com,dJH5DzEzTbX,sed
5052224125,blaban0@mozilla.com,mqZLheLR,ac
9691085917,nspottswoodn1@salon.com,Ac4DFKu8eM9l,id
7106848220,gkittown2@state.tx.us,0FsGlXqcvIh,rutrum
0947277560,bbeartn3@bbb.org,XymAv41JClw,aliquet
7501383359,ddurnn4@biblegateway.com,MyrYT58zRP,posuere
3068918707,myeamann5@mac.com,nXvTng9,et
6144272399,fdemetrn6@hud.gov,wo6dIitv0,posuere
0106661221,pdacostan7@stumbleupon.com,RZKneIftnvv,risus
9856091209,nwaitlandn8@trellian.com,0uWUMEFcZ7R,parturient
5823050151,rlapleyn9@shareasale.com,iwzze2lWgWQz,vivamus
1176808338,fcarlozzina@github.io,XAalmB0,ipsum
0145822168,tnovakovicnb@t.co,B21TJM,pretium
7853658265,tstuckesnc@geocities.jp,DdQjKliFwn,ridiculus
0790365146,erenachowskind@paginegialle.it,Iu5dtg51Umr,erat
9938389015,ilewzeyne@ucoz.com,yOb2p2QxZ87h,eget
8788082652,lellerbecknf@hc360.com,dFnbuDdE,ultrices
2073724566,pmuckianng@psu.edu,ebdJDD0,augue
4753368254,lscurmannh@princeton.edu,TlAJUdzT,lobortis
7301565321,cswindenni@utexas.edu,kIMRDGivM8HM,mus
2001427409,brotgenj@newsvine.com,OObob4NR,at
3526491844,frallinnk@example.com,dbO1Vbpzrk,ultrices
8069483806,oshaxbynl@dropbox.com,WBx2sly4d1,ipsum
7250020498,dpaveknm@reuters.com,Ubv5AJllLwUg,donec
1316838463,dobraynn@so-net.ne.jp,iwSnww6Iw,sapien
9108393052,olusheyno@cisco.com,iRhYTcTpX,est
9400746040,agoodbournnp@disqus.com,GFZaf896WPB,morbi
3912893608,nalkinnq@networksolutions.com,8n6IhPyg2Xf,arcu
8521402848,abartonnr@ihg.com,DWGcWAn,justo
3842380720,eitzhakins@newyorker.com,RkfD2K,nunc
7407468257,fconnicknt@buzzfeed.com,xC4T1s,mauris
1243595744,radinnu@hatena.ne.jp,VC0meTlY2,adipiscing
7945385524,ncunnownv@biblegateway.com,KLzJAb20llki,bibendum
7063457438,mlatimernw@senate.gov,5fv4JJHWEGes,arcu
6710250784,jbenoynx@oaic.gov.au,sY7wFrwHPyb,in
0640857914,mbysakerny@google.ca,7mfgbNfmb6to,natoque
1367676630,mcanadanz@apple.com,Q0xhAMUtW,integer
9666995875,dbarnso0@comsenz.com,IU0E1RMb,vel
8711852925,fyanceyo1@baidu.com,2GOCghMkmZ,in
8198974520,fmasseoo2@google.co.uk,DpprraGD,eros
2491415674,mpepperello3@gmpg.org,XNR19ap3jK7J,cursus
6360797003,mcotterelo4@ibm.com,BzdBwFUiNiw,in
4344303571,dbeastono5@blogtalkradio.com,QQpZ3nd,quis
0868655821,hpawnsfordo6@state.gov,gS3EFOOwMB4R,convallis
1888919221,agirardeto7@japanpost.jp,Ps7VQ1,ut
2451520914,cluckhursto8@devhub.com,QLCaVS,erat
7148778476,kthistletono9@icq.com,rnBYL7J0,vulputate
3931611353,bcleatonoa@businessweek.com,hh9M8ZNPp3JU,luctus
5682456459,bmeertob@marriott.com,SL38HQ7Fy,consequat
6059084796,kbailessoc@sfgate.com,K50gyWk0B,sem
1340598957,bbettingtonod@usatoday.com,QJ4E81Sny3Ya,consequat
5542493947,lmaffezzolioe@virginia.edu,rRiikU,nunc
2489927760,pkleinhandlerof@disqus.com,cyDYHEaj,ultrices
5185702672,wbrachellog@uol.com.br,l8wAfhMqtj,eu
4240860377,lhenaughanoh@hostgator.com,P1xXTU,parturient
9188976823,fgooroi@slashdot.org,qiId0StDX,sapien
0916350185,anorcockoj@illinois.edu,gThy8rRulg,justo
8414220444,ncudihyok@cyberchimps.com,Mrsn5kcME,elementum
7852893090,lhovingtonol@epa.gov,kmfhpICFo,vel
0317619616,cjoannetom@nasa.gov,w1ttHs39BDOV,quisque
2426178272,amatteottion@boston.com,nydyZydR,morbi
6999750815,khenstridgeoo@weather.com,vfUtex,etiam
7154796065,dkernesop@hc360.com,vzO74oV,non
1158928726,qdormonoq@auda.org.au,1xrunv,amet
4383033989,hgreenstockor@prnewswire.com,gGcFUWl,mauris
6265359002,jgiuronios@amazon.de,419APbqo,quisque
4161340540,bthickpennyot@angelfire.com,DcQUwnyj,placerat
4657239236,kmildmottou@imageshack.us,UyPiL2SRSH5D,proin
3341991794,bmayowov@phoca.cz,CMVPJ9o,cursus
3786230218,eadamsonow@woothemes.com,ayNk1qAHz,enim
8525208140,kradbandox@gov.uk,uRNugSwtkP71,nullam
6059795285,spochonoy@blogspot.com,O8d3bUTUMn,libero
3600569139,ppickoz@ehow.com,fNdvsDeV,morbi
2362383210,gparcellsp0@weebly.com,elH6VW,nisl
6838123177,bsandersonp1@dagondesign.com,gCwprvFOk,dui
7710262708,obulterp2@ihg.com,hKNRA5Z,pede
0092359957,dwadsworthp3@meetup.com,GYWf27XDo,dui
9724744353,loagerp4@paginegialle.it,bcjfUl0Vi,interdum
6621178271,bgwynethp5@npr.org,IHVwtN90,maecenas
4002771040,rwyldesp6@wsj.com,0kuf4wfRA,convallis
4570972713,rranfieldp7@furl.net,CQGNkbIoIU,nunc
9770924873,kgeaneyp8@businessinsider.com,Qp9IM9CeMGZ,pede
8066345224,mbeckmannp9@ted.com,ebAurL50na5,convallis
2256493016,espawellpa@over-blog.com,nbiAZKfkD,eu
4139672692,cnorthingpb@blogger.com,DrtQP52H2,ac
9450305722,lcordiepc@nifty.com,GKzBEEaxO,congue
1850755949,bmilleapd@yale.edu,1li5PvzQT,nibh
9777616007,ccardnellpe@netvibes.com,RFseGgAB,maecenas
9821935737,fmccumeskypf@tinyurl.com,rvLVp7W,eget
6717751657,arapaportpg@cloudflare.com,1ELKzhQKgXoo,porttitor
0215461738,lwernerph@umn.edu,5dTOyQp,vestibulum
5017230262,feynaudpi@nymag.com,1YZX1GIeL79,etiam
8256518545,swarlockpj@usa.gov,xAkT8zo,nulla
0506052648,cellifpk@ow.ly,8RLLPeBI,suscipit
5656499405,tfiellerpl@foxnews.com,TdL10VdPF4eS,in
5665239585,hjeavespm@addthis.com,NlNytujL1m,leo
4835196023,umaccafferkypn@wikia.com,xl4Iiem,volutpat
8653794913,bglabachpo@goo.ne.jp,CpUJVAJypXeq,augue
0931197252,lbrentpp@amazon.co.uk,C45fSHvKMT,primis
4810140733,jsquibbespq@umn.edu,d7ZC6mK,malesuada
3056225884,ctansliepr@sun.com,11QYPNScNvL,vivamus
9668997719,mbrimilcombeps@indiatimes.com,B28un3i,rutrum
9226352933,brussampt@instagram.com,WccI2LPTMrv,mauris
0149147074,arippingallpu@lulu.com,0qVOv7YQWMvM,tincidunt
9820849748,whusbypv@topsy.com,S3YT4grSy,vestibulum
1507515030,iabramskipw@cargocollective.com,CaTu056ny,quam
7181015982,jgoslandpx@pen.io,IOnn3ClG564d,mattis
8285404153,hmassardpy@columbia.edu,bWNfge,lacus
5298433227,epeacepz@jiathis.com,DCa8YoBD,dapibus
1329641701,epepiq0@newyorker.com,ck3OKx,curae
5377638905,otisunq1@is.gd,7ZLAL1sFtZQ,odio
7468155879,aschohierq2@marriott.com,ODtDmZf7h1kX,commodo
5705823185,jmckieq3@pinterest.com,2GFARqkEHTvG,et
6419728150,cmewisq4@fc2.com,UvYX67Jwqi,ante
3665530199,cpleveyq5@washingtonpost.com,TXI5nzpKs,mauris
1877870463,scrundenq6@google.ru,Z07YE4X,dictumst
1997036541,egorelliq7@engadget.com,RLW4z4wU7x,natoque
1386652474,htohillq8@wisc.edu,YsCbSfqP,lectus
5402532419,vcominoliq9@toplist.cz,rHykqEBSdK,elementum
0935378448,urealqa@t.co,7dKw4gT,pharetra
2839409518,torteauqb@mail.ru,OMgHMo,diam
6333621420,mhobbingqc@fotki.com,0a4AYHRb5gk,cras
7085545445,oshawyersqd@shutterfly.com,qvrqKVJKwGZd,dolor
7418116853,fwilprechtqe@discovery.com,669PB0FA0fLA,nunc
7470825126,pbenboughqf@apple.com,5uAp2iCo,nunc
2029283401,zalwinqg@dion.ne.jp,aMc5sQnUvve,non
2567258094,shuberyqh@usda.gov,1WcRmP53lw,nunc
9118414036,cchessmanqi@infoseek.co.jp,ivHeAF,dis
4493012978,ddowseqj@free.fr,xsNZrKkETR,justo
1858165172,echasleqk@symantec.com,rZMUhKb,vivamus
5642175009,rdriql@newyorker.com,OY9eIIbo,lacinia
9456218740,ccardisqm@slate.com,tZ28kaQNT7,at
7216844742,lannattqn@mlb.com,AJD4Iy4Y6,pede
6992677691,mdanaherqo@dell.com,hE2rCaumqk,nec
0581081609,vgreenawayqp@sogou.com,6LUYN5,curabitur
2211464459,wlorrawayqq@un.org,s7Av8zU51K7V,etiam
1839414588,ivittoreqr@hugedomains.com,hR6BpT,id
2518267018,fbondesenqs@archive.org,TmHHvg,duis
4396020465,rlingnerqt@nba.com,fbjSneVM,lacus
8477893705,mshuttequ@examiner.com,OtarHNp0NZO,lectus
4561658335,fwrethamqv@microsoft.com,9V20VBzC6YJ,leo
8001329240,fjanowiczqw@behance.net,5yRu0PV,pellentesque
5202396058,mdunkerleyqx@answers.com,ghOgg2Q,dui
3403663655,mcrocumbeqy@tumblr.com,zx99bBvcmkR,quisque
8284871238,jclericoatesqz@bandcamp.com,9LR2FUJ,placerat
8330292150,sbalchenr0@eventbrite.com,gIwaO6,ut
3367857130,maldrickr1@technorati.com,vcaImqlrO1,nisl
6274865853,adykesr2@indiegogo.com,UIf1gE,pellentesque
5963899737,klowfillr3@drupal.org,Ducl6JkKN8,lorem
7121899302,dfaldoer4@netscape.com,AIMKgXTz1LR,sit
3621146180,pmashror5@about.com,qmBvEFN6qj,integer
0898504422,gmundellr6@omniture.com,gvtYeBOxA467,magna
2394398256,sjeroschr7@webs.com,cH54bdQXo9,ante
1430808144,wismailr8@usgs.gov,t1FqKLCbG,id
0226550184,onetleyr9@google.fr,HGqYuTT1lFth,convallis
4834988678,dricksonra@discuz.net,zJarhutzki2,elementum
6596546489,ilighternessrb@census.gov,UGBukDT07GP4,sit
7459436372,jmolesrc@tinypic.com,Dc7Phli,quis
5631494876,gmohringrd@acquirethisname.com,8HHbFqC2ZM,primis
1105551806,wvamplusre@etsy.com,51gN4vzhr,justo
2606959264,cdirkinrf@si.edu,Piyny3DzFtHr,mauris
6851882302,mspringtorperg@amazon.co.jp,NReO57ghR,in
4038112039,lloraitrh@w3.org,j08F8c6I,et
2498249052,brickardesri@mayoclinic.com,1fjX9lLx,ultrices
7190119469,cgotchrj@bloglines.com,jTxpvHGJHEs,felis
5819427424,dminneyrk@berkeley.edu,XdClLL8Aq7mH,velit
9379909284,efreynerl@vistaprint.com,is1GaouhXcdC,cubilia
7499723992,dcreelmanrm@gnu.org,SRffF9n1jqcB,curae
0272556734,kstorkrn@cdbaby.com,36freuHJx,varius
1837983321,nmichelro@omniture.com,rheqstxB,odio
6881979398,kchatburnrp@bandcamp.com,r47i5WAI,est
5173693061,beickerq@prnewswire.com,JYwOju4k,quam
4680116765,hgobeauxrr@cnbc.com,C4iId4Vd,hac
